INSERT INTO FACTORY (FACTORY_ID , NAME ,ADDRESS) VALUES ('25', 'SBT','AANDIKADU');
INSERT INTO FACTORY (FACTORY_ID , NAME ,ADDRESS) VALUES ('26', 'SRT','AANDIKADU');
INSERT INTO FACTORY (FACTORY_ID , NAME ,ADDRESS) VALUES ('27', 'AMT','AANDIKADU');

INSERT INTO EMPLOYEES (LAST_NAME, FIRST_NAME, EMAIL_ADDRESS, COUNTRY, ADDRESS, STATE, PHONE_NUMBER) VALUES('M', 'Rajaram', 'test@vtm.co.in', 'India', 'Dharmapuri', 'TN', '1-(235)314-9823');
INSERT INTO EMPLOYEES (LAST_NAME, FIRST_NAME, EMAIL_ADDRESS, COUNTRY, ADDRESS, STATE, PHONE_NUMBER) VALUES('S', 'Suresh', 'test@vtm.co.in', 'India', 'Dharmapuri', 'TN', '9-(401)660-9813');
INSERT INTO EMPLOYEES (LAST_NAME, FIRST_NAME, EMAIL_ADDRESS, COUNTRY, ADDRESS, STATE, PHONE_NUMBER) VALUES('R', 'Mohanraj', 'test@vtm.co.in', 'India', 'Dindugal', 'TN', '6-(980)036-6105');



INSERT INTO CLOTHTYPE (NAME,PC_DESCRIPTION,STATUS) VALUES ('30A','30S PRINTING','Y');
INSERT INTO CLOTHTYPE (NAME,PC_DESCRIPTION,STATUS) VALUES ('40A', '40S PRINTING','Y');
INSERT INTO CLOTHTYPE (NAME,PC_DESCRIPTION,STATUS) VALUES ('40B', '40S DYEING','Y');


INSERT INTO LOOM (FACTORY_ID,NAME) VALUES ('25', 'SBT 01');
INSERT INTO LOOM (FACTORY_ID,NAME) VALUES ('25', 'SBT 02');
INSERT INTO LOOM (FACTORY_ID,NAME) VALUES ('25', 'SBT 03');
INSERT INTO LOOM (FACTORY_ID,NAME) VALUES ('25', 'SBT 04');
INSERT INTO LOOM (FACTORY_ID,NAME) VALUES ('25', 'SBT 05');
INSERT INTO LOOM (FACTORY_ID,NAME) VALUES ('25', 'SBT 06');

INSERT INTO LOOM (FACTORY_ID,NAME) VALUES ('26', 'SRT 01');
INSERT INTO LOOM (FACTORY_ID,NAME) VALUES ('26', 'SRT 02');
INSERT INTO LOOM (FACTORY_ID,NAME) VALUES ('26', 'SRT 03');
INSERT INTO LOOM (FACTORY_ID,NAME) VALUES ('26', 'SRT 04');
INSERT INTO LOOM (FACTORY_ID,NAME) VALUES ('26', 'SRT 05');
INSERT INTO LOOM (FACTORY_ID,NAME) VALUES ('26', 'SRT 06');
INSERT INTO LOOM (FACTORY_ID,NAME) VALUES ('26', 'SRT 07');
INSERT INTO LOOM (FACTORY_ID,NAME) VALUES ('26', 'SRT 08');
INSERT INTO LOOM (FACTORY_ID,NAME) VALUES ('26', 'SRT 09');
INSERT INTO LOOM (FACTORY_ID,NAME) VALUES ('26', 'SRT 10');

INSERT INTO LOOM (FACTORY_ID,NAME) VALUES ('27', 'AMT 01');
INSERT INTO LOOM (FACTORY_ID,NAME) VALUES ('27', 'AMT 02');
INSERT INTO LOOM (FACTORY_ID,NAME) VALUES ('27', 'AMT 03');
INSERT INTO LOOM (FACTORY_ID,NAME) VALUES ('27', 'AMT 04');
INSERT INTO LOOM (FACTORY_ID,NAME) VALUES ('27', 'AMT 05');
INSERT INTO LOOM (FACTORY_ID,NAME) VALUES ('27', 'AMT 06');
INSERT INTO LOOM (FACTORY_ID,NAME) VALUES ('27', 'AMT 07');
INSERT INTO LOOM (FACTORY_ID,NAME) VALUES ('27', 'AMT 08');
INSERT INTO LOOM (FACTORY_ID,NAME) VALUES ('27', 'AMT 09');
INSERT INTO LOOM (FACTORY_ID,NAME) VALUES ('27', 'AMT 10');
INSERT INTO LOOM (FACTORY_ID,NAME) VALUES ('27', 'AMT 11');
INSERT INTO LOOM (FACTORY_ID,NAME) VALUES ('27', 'AMT 12');
INSERT INTO LOOM (FACTORY_ID,NAME) VALUES ('27', 'AMT 13');
INSERT INTO LOOM (FACTORY_ID,NAME) VALUES ('27', 'AMT 14');
INSERT INTO LOOM (FACTORY_ID,NAME) VALUES ('27', 'AMT 15');
INSERT INTO LOOM (FACTORY_ID,NAME) VALUES ('27', 'AMT 16');

